Semaye Furniture,Mobile,+251 911 59 23 90
Semaye Furniture,Mobile 2,+251 911 24 42 62
Oskaz Import,Phone,+251 115 54 63 25
Oskaz Import,Phone 2,+251 115 54 63 26
Sura Mobile and Technologies,Mobile,+251 911 22 94 97
Sura Mobile and Technologies,Mobile 2,+251 913 22 80 58
Nebiyou Mekasha Safety Goods Importer & Distributor,Mobile,+251 911 55 55 03
Nebiyou Mekasha Safety Goods Importer & Distributor,Mobile 2,+251 912 04 91 97
Nebiyou Mekasha Safety Goods Importer & Distributor,Mobile 3,+251 912 67 72 63
Farfa Trading PLC,Mobile,+251 944 60 00 15
Farfa Trading PLC,Mobile 2,+251 944 60 00 16
Elay Trading PLC,Mobile,+251 936 10 61 00
Elay Trading PLC,Mobile 2,+251 938 10 61 00
Elay Trading PLC,Mobile 3,+251 935 10 61 00
Nova Human Medicine and Medical Equipment Wholesale Com...,Mobile,+251 910 19 79 55
HVAC & Refrigeration Service,Phone,+251 116 45 38 94
HVAC & Refrigeration Service,Mobile,+251 926 79 20 80
HVAC & Refrigeration Service,Mobile 2,+251 911 21 86 87
Bule Electrical Trading Company,Phone,+251 111 55 75 27
Bule Electrical Trading Company,Phone 2,+251 111 55 97 55
Bule Electrical Trading Company,Phone 3,+251 111 55 98 89
Bule Electrical Trading Company,Mobile,+251 903 53 77 53
Liban Impex,Phone,+251 113 69 20 78
Liban Impex,Phone 2,+251 112 31 10 05
Liban Impex,Mobile,+251 902 30 75 75
Liban Impex,Mobile 2,+251 920 33 00 22
Starchain Medical PLC,Phone,+251 118 93 21 42
Starchain Medical PLC,Mobile,+251 975 15 15 99
Starchain Medical PLC,Mobile 2,+251 916 06 85 95
Alloy Aluminum Trading PLC,Mobile,+251 947 00 00 77
Alloy Aluminum Trading PLC,Mobile 2,+251 937 00 00 77
D.M.A Security and Fire System Trading,Mobile,+251 911 41 56 94
D.M.A Security and Fire System Trading,Mobile 2,+251 913 97 49 96
Misael Carpentry,Mobile,+251 911 43 31 07
Misael Carpentry,Mobile 2,+251 920 27 83 26
Hassan Business Group,Phone,+251 114 39 05 72
Hassan Business Group,Phone 2,+251 114 39 48 59
Hassan Business Group,Phone 3,+251 114 39 48 60
Hassan Business Group,Mobile,+251 911 22 05 76
Hassan Business Group,Mobile 2,+251 911 64 69 65
YMX Trading Plc,Mobile,+251 911 03 72 86
Addis Tech Import and Export,Mobile,+251 911 69 10 46
Addis Tech Import and Export,Mobile 2,+251 917 55 40 27
Addis Tech Import and Export,Mobile 3,+251 973 81 35 59
Grace Ceramic And Bath Solution,Mobile,+251 914 08 46 70
Grace Ceramic And Bath Solution,Mobile 2,+251 914 08 56 70
Grace Ceramic And Bath Solution,Mobile 3,+251 934 44 07 68
CheMed Scientific Pvt. Ltd.Company,Phone,+251 114 62 53 71
MKAK Trading PLC,Phone,+251 930 03 48 35
ELDAD Production Machinery & Spare Parts Import,Phone,+251 979 28 28 28
ELDAD Production Machinery & Spare Parts Import,Phone 2,+251 118 36 28 28
Astra Lab Trading PLC,Phone,+251 966 11 50 61
Astra Lab Trading PLC,Phone 2,+251 941 29 86 88
Filan PLC,Mobile,+251 911 88 82 82
Filan PLC,Mobile 2,+251 970 88 82 82
Signal Electrical Trading,Phone,+251 115 57 61 01
Signal Electrical Trading,Mobile,+251 911 20 71 33
Signal Electrical Trading,Mobile 2,+251 911 67 23 18
Tensae International Business Enterprise Plc,Phone,+251 116 62 14 97/98
Tensae International Business Enterprise Plc,Phone 2,+251 114 70 60 70
Bridge Paper Product PLC (Cash Register Papers),Phone,+251 116 35 20 21
Bridge Paper Product PLC (Cash Register Papers),Mobile,+251 911 30 02 80
Bridge Paper Product PLC (Cash Register Papers),Mobile 2,+251 933 92 06 20
Elli Electrical Equipment,Mobile,+251 912 690007
Elli Electrical Equipment,Mobile 2,+251 920 600220
Elli Electrical Equipment,Mobile 3,+251 921 027987
NEBI IMPORTS,Mobile,+251 937 60 68 63
NEBI IMPORTS,Mobile 2,+251 911 50 27 69
ALEME AMSALU IMPORTER AND DISTRIBUTOR,Mobile,+251 911 22 29 54
ALEME AMSALU IMPORTER AND DISTRIBUTOR,Mobile 2,+251 943 18 98 42
ALEME AMSALU IMPORTER AND DISTRIBUTOR,Mobile 3,+251 911 24 87 06
Agrifarm Agricultural Inputs and Equipment Importer,Mobile,+251 911 54 24 68
Agrifarm Agricultural Inputs and Equipment Importer,Mobile 2,+251 963 65 65 65
Agrifarm Agricultural Inputs and Equipment Importer,Mobile 3,+251 911 05 44 35
SAFEZONE TRADING PLC,Phone,+251 118 22 09 09
SAFEZONE TRADING PLC,Mobile,+251 911 72 99 99
SAFEZONE TRADING PLC,Mobile 2,+251 904 14 09 09
SAFEZONE TRADING PLC,Mobile 3,+251 904 14 09 10
Lidiya and Abreham Mobile Accessories P/S | ßłŖßŗ▓ßŗ½ ßŖźßŖō ßŖĀßēźßł©ßłā...,Mobile,+251 912 117390
Thermo Fam Trading PLC,Phone,+251 115 53 09 79
Thermo Fam Trading PLC,Mobile,+251 953 80 80 80
Synergy Pharmaceutical PLC,Mobile,+251 912 09 34 35
Synergy Pharmaceutical PLC,Mobile 2,+251 911 84 17 59
SOLFET Security Technology PLC,Phone,+251 116 39 29 07
SOLFET Security Technology PLC,Phone 2,+251 966 32 82 99
Morningstar Engineering & Trading Pvt.Ltd.Co,Mobile,+251 911 54 64 05
Bright Pharma Trading Company,Phone,+251 118 27 89 76
Bright Pharma Trading Company,Mobile,+251 930 48 38 12
Bright Pharma Trading Company,Mobile 2,+251 910 19 11 04
Jiituu Computer and Stationery,Phone,+251 118 23 39 34
Jiituu Computer and Stationery,Mobile,+251 917 04 64 69
Jiituu Computer and Stationery,Mobile 2,+251 939 72 22 32
